process,pid,rss,full_rss,uss,event,children,time
MainProcess,8616,98_881_536,98_881_536,87_470_080,pipeline.run before preload_injectables,0,2025/08/08 16:36:01.582696
MainProcess,8616,99_192_832,99_192_832,87_478_272,pipeline.run after preload_injectables,0,2025/08/08 16:36:01.598314
MainProcess,8616,99_217_408,99_217_408,87_502_848,pipeline.run_model input_pre_processor start,0,2025/08/08 16:36:01.598314
MainProcess,8616,6_657_241_088,6_657_241_088,6_662_266_880,pipeline.run_model input_pre_processor finished,0,2025/08/08 16:37:16.685939
MainProcess,8616,6_725_447_680,6_725_447_680,6_730_461_184,pipeline.run after input_pre_processor,0,2025/08/08 16:38:27.120110
MainProcess,8616,6_725_451_776,6_725_451_776,6_730_465_280,pipeline.run_model setup_data_structures start,0,2025/08/08 16:38:27.417034
MainProcess,8616,6_634_610_688,6_634_610_688,6_639_624_192,pipeline.run_model setup_data_structures finished,0,2025/08/08 16:38:57.715393
MainProcess,8616,6_637_662_208,6_637_662_208,6_642_667_520,pipeline.run after setup_data_structures,0,2025/08/08 16:40:05.978877
MainProcess,8616,6_637_662_208,6_637_662_208,6_642_667_520,pipeline.run_model initial_seed_balancing start,0,2025/08/08 16:40:06.167063
MainProcess,8616,6_632_980_480,6_632_980_480,6_638_977_024,pipeline.run_model initial_seed_balancing finished,0,2025/08/08 16:47:08.334822
MainProcess,8616,6_623_961_088,6_623_961_088,6_628_954_112,pipeline.run after initial_seed_balancing,0,2025/08/08 16:47:09.377556
MainProcess,8616,6_623_961_088,6_623_961_088,6_628_954_112,pipeline.run_model meta_control_factoring start,0,2025/08/08 16:47:09.577834
MainProcess,14788,98_672_640,98_672_640,87_236_608,pipeline.run before preload_injectables,0,2025/08/08 17:51:30.156580
MainProcess,14788,98_963_456,98_963_456,87_265_280,pipeline.run after preload_injectables,0,2025/08/08 17:51:30.172207
MainProcess,14788,99_012_608,99_012_608,87_298_048,pipeline.run_model input_pre_processor start,0,2025/08/08 17:51:30.188423
MainProcess,14788,6_659_465_216,6_659_465_216,6_664_474_624,pipeline.run_model input_pre_processor finished,0,2025/08/08 17:52:43.714927
MainProcess,14788,6_727_233_536,6_727_233_536,6_732_369_920,pipeline.run after input_pre_processor,0,2025/08/08 17:53:50.185317
MainProcess,14788,6_727_360_512,6_727_360_512,6_732_369_920,pipeline.run_model setup_data_structures start,0,2025/08/08 17:53:50.412739
MainProcess,14788,6_637_645_824,6_637_645_824,6_642_655_232,pipeline.run_model setup_data_structures finished,0,2025/08/08 17:54:20.754582
MainProcess,14788,6_641_315_840,6_641_315_840,6_646_382_592,pipeline.run after setup_data_structures,0,2025/08/08 17:55:29.978373
MainProcess,14788,6_641_381_376,6_641_381_376,6_646_382_592,pipeline.run_model initial_seed_balancing start,0,2025/08/08 17:55:30.134631
MainProcess,14788,6_633_164_800,6_633_164_800,6_639_153_152,pipeline.run_model initial_seed_balancing finished,0,2025/08/08 18:02:27.241932
MainProcess,14788,6_623_404_032,6_623_404_032,6_628_392_960,pipeline.run after initial_seed_balancing,0,2025/08/08 18:02:28.116348
MainProcess,14788,6_623_412_224,6_623_412_224,6_628_401_152,pipeline.run_model meta_control_factoring start,0,2025/08/08 18:02:28.288277
MainProcess,12924,98_639_872,98_639_872,87_207_936,pipeline.run before preload_injectables,0,2025/08/08 18:26:54.788827
MainProcess,12924,98_947_072,98_947_072,87_224_320,pipeline.run after preload_injectables,0,2025/08/08 18:26:54.802159
MainProcess,12924,98_975_744,98_975_744,87_252_992,pipeline.run_model input_pre_processor start,0,2025/08/08 18:26:54.814283
MainProcess,12924,6_659_518_464,6_659_518_464,6_664_540_160,pipeline.run_model input_pre_processor finished,0,2025/08/08 18:28:10.751700
MainProcess,12924,6_727_532_544,6_727_532_544,6_732_591_104,pipeline.run after input_pre_processor,0,2025/08/08 18:29:21.031499
MainProcess,12924,6_727_589_888,6_727_589_888,6_732_591_104,pipeline.run_model setup_data_structures start,0,2025/08/08 18:29:21.336031
MainProcess,12924,6_637_756_416,6_637_756_416,6_642_757_632,pipeline.run_model setup_data_structures finished,0,2025/08/08 18:29:52.501958
MainProcess,12924,6_641_627_136,6_641_627_136,6_646_620_160,pipeline.run after setup_data_structures,0,2025/08/08 18:30:57.830787
MainProcess,12924,6_641_627_136,6_641_627_136,6_646_620_160,pipeline.run_model initial_seed_balancing start,0,2025/08/08 18:30:58.026382
MainProcess,12924,6_635_040_768,6_635_040_768,6_640_992_256,pipeline.run_model initial_seed_balancing finished,0,2025/08/08 18:37:53.353776
MainProcess,12924,6_618_259_456,6_618_259_456,6_624_178_176,pipeline.run after initial_seed_balancing,0,2025/08/08 18:37:54.295292
MainProcess,12924,6_619_197_440,6_619_197_440,6_624_178_176,pipeline.run_model meta_control_factoring start,0,2025/08/08 18:37:54.500222
MainProcess,9396,98_729_984,98_729_984,87_334_912,pipeline.run before preload_injectables,0,2025/08/08 19:11:06.993580
MainProcess,9396,99_016_704,99_016_704,87_367_680,pipeline.run after preload_injectables,0,2025/08/08 19:11:07.009204
MainProcess,9396,99_065_856,99_065_856,87_400_448,pipeline.run_model input_pre_processor start,0,2025/08/08 19:11:07.009204
MainProcess,9396,6_657_290_240,6_657_290_240,6_662_369_280,pipeline.run_model input_pre_processor finished,0,2025/08/08 19:12:22.946144
MainProcess,9396,6_724_182_016,6_724_182_016,6_729_256_960,pipeline.run after input_pre_processor,0,2025/08/08 19:13:34.222006
MainProcess,9396,6_724_202_496,6_724_202_496,6_729_261_056,pipeline.run_model setup_data_structures start,0,2025/08/08 19:13:34.506433
MainProcess,9396,6_633_132_032,6_633_132_032,6_638_190_592,pipeline.run_model setup_data_structures finished,0,2025/08/08 19:14:06.573273
MainProcess,9396,6_635_941_888,6_635_941_888,6_640_992_256,pipeline.run after setup_data_structures,0,2025/08/08 19:15:18.361659
MainProcess,9396,6_635_941_888,6_635_941_888,6_640_992_256,pipeline.run_model initial_seed_balancing start,0,2025/08/08 19:15:18.572520
MainProcess,9396,6_632_402_944,6_632_402_944,6_638_452_736,pipeline.run_model initial_seed_balancing finished,0,2025/08/08 19:22:27.529382
MainProcess,9396,6_622_093_312,6_622_093_312,6_627_131_392,pipeline.run after initial_seed_balancing,0,2025/08/08 19:22:28.474954
MainProcess,9396,6_622_199_808,6_622_199_808,6_627_237_888,pipeline.run_model meta_control_factoring start,0,2025/08/08 19:22:28.678684
MainProcess,7912,99_016_704,99_016_704,87_617_536,pipeline.run before preload_injectables,0,2025/08/08 19:25:16.331723
MainProcess,7912,99_307_520,99_307_520,87_638_016,pipeline.run after preload_injectables,0,2025/08/08 19:25:16.346475
MainProcess,7912,99_340_288,99_340_288,87_670_784,pipeline.run_model input_pre_processor start,0,2025/08/08 19:25:16.360908
MainProcess,7912,6_657_908_736,6_657_908_736,6_662_967_296,pipeline.run_model input_pre_processor finished,0,2025/08/08 19:26:30.976714
MainProcess,7912,6_725_931_008,6_725_931_008,6_731_120_640,pipeline.run after input_pre_processor,0,2025/08/08 19:27:42.598164
MainProcess,7912,6_726_062_080,6_726_062_080,6_731_120_640,pipeline.run_model setup_data_structures start,0,2025/08/08 19:27:42.898502
MainProcess,7912,6_635_175_936,6_635_175_936,6_640_234_496,pipeline.run_model setup_data_structures finished,0,2025/08/08 19:28:14.477892
MainProcess,7912,6_637_998_080,6_637_998_080,6_643_048_448,pipeline.run after setup_data_structures,0,2025/08/08 19:29:23.838230
MainProcess,7912,6_637_998_080,6_637_998_080,6_643_048_448,pipeline.run_model initial_seed_balancing start,0,2025/08/08 19:29:24.044089
MainProcess,7912,6_632_828_928,6_632_828_928,6_638_878_720,pipeline.run_model initial_seed_balancing finished,0,2025/08/08 19:36:18.769751
MainProcess,7912,6_623_649_792,6_623_649_792,6_628_687_872,pipeline.run after initial_seed_balancing,0,2025/08/08 19:36:19.713004
MainProcess,7912,6_623_649_792,6_623_649_792,6_628_687_872,pipeline.run_model meta_control_factoring start,0,2025/08/08 19:36:19.922376
MainProcess,16316,98_652_160,98_652_160,87_187_456,pipeline.run before preload_injectables,0,2025/08/08 20:20:19.850327
MainProcess,16316,98_934_784,98_934_784,87_212_032,pipeline.run after preload_injectables,0,2025/08/08 20:20:19.865471
MainProcess,16316,98_975_744,98_975_744,87_236_608,pipeline.run_model input_pre_processor start,0,2025/08/08 20:20:19.879175
MainProcess,16316,6_658_945_024,6_658_945_024,6_663_954_432,pipeline.run_model input_pre_processor finished,0,2025/08/08 20:21:35.764772
MainProcess,16316,6_727_041_024,6_727_041_024,6_715_056_128,pipeline.run after input_pre_processor,0,2025/08/08 20:22:45.626805
MainProcess,16316,6_727_217_152,6_727_217_152,6_715_056_128,pipeline.run_model setup_data_structures start,0,2025/08/08 20:22:45.927413
MainProcess,16316,6_635_532_288,6_635_532_288,6_623_297_536,pipeline.run_model setup_data_structures finished,0,2025/08/08 20:23:17.617009
MainProcess,16316,6_638_821_376,6_638_821_376,6_626_070_528,pipeline.run after setup_data_structures,0,2025/08/08 20:24:32.223068
MainProcess,16316,6_638_841_856,6_638_841_856,6_626_070_528,pipeline.run_model initial_seed_balancing start,0,2025/08/08 20:24:32.437951
MainProcess,16316,6_633_103_360,6_633_103_360,6_639_067_136,pipeline.run_model initial_seed_balancing finished,0,2025/08/08 20:31:29.295127
MainProcess,16316,6_623_977_472,6_623_977_472,6_628_962_304,pipeline.run after initial_seed_balancing,0,2025/08/08 20:31:30.217078
MainProcess,16316,6_623_997_952,6_623_997_952,6_628_962_304,pipeline.run_model meta_control_factoring start,0,2025/08/08 20:31:30.435839
MainProcess,3432,97_280_000,97_280_000,64_290_816,pipeline.run before preload_injectables,0,2025/08/09 11:57:57.851596
MainProcess,3432,97_562_624,97_562_624,64_425_984,pipeline.run after preload_injectables,0,2025/08/09 11:57:57.877022
MainProcess,3432,97_726_464,97_726_464,64_434_176,pipeline.run_model input_pre_processor start,0,2025/08/09 11:57:57.929619
MainProcess,3432,4_794_716_160,4_794_716_160,4_807_892_992,pipeline.run_model input_pre_processor finished,0,2025/08/09 12:01:19.222789
MainProcess,3432,152_883_200,152_883_200,148_213_760,pipeline.run after input_pre_processor,0,2025/08/09 12:02:25.538080
MainProcess,3432,155_357_184,155_357_184,149_303_296,pipeline.run_model setup_data_structures start,0,2025/08/09 12:02:25.629026
MainProcess,3432,3_220_013_056,3_220_013_056,3_222_704_128,pipeline.run_model setup_data_structures finished,0,2025/08/09 12:03:57.711508
MainProcess,3432,406_532_096,406_532_096,401_977_344,pipeline.run after setup_data_structures,0,2025/08/09 12:05:01.797991
MainProcess,3432,408_739_840,408_739_840,403_005_440,pipeline.run_model initial_seed_balancing start,0,2025/08/09 12:05:01.923580
MainProcess,27768,97_779_712,97_779_712,65_093_632,pipeline.run before preload_injectables,0,2025/08/09 19:23:46.484016
MainProcess,27768,98_066_432,98_066_432,65_232_896,pipeline.run after preload_injectables,0,2025/08/09 19:23:46.495669
MainProcess,27768,98_222_080,98_222_080,65_232_896,pipeline.run_model input_pre_processor start,0,2025/08/09 19:23:46.523369
MainProcess,27768,4_794_953_728,4_794_953_728,4_808_183_808,pipeline.run_model input_pre_processor finished,0,2025/08/09 19:25:13.062295
MainProcess,27768,152_625_152,152_625_152,148_156_416,pipeline.run after input_pre_processor,0,2025/08/09 19:25:54.567196
MainProcess,27768,155_144_192,155_144_192,149_245_952,pipeline.run_model setup_data_structures start,0,2025/08/09 19:25:54.621692
MainProcess,27768,1_963_143_168,1_963_143_168,1_962_778_624,pipeline.run_model setup_data_structures finished,0,2025/08/09 19:26:33.497319
MainProcess,27768,399_994_880,399_994_880,396_361_728,pipeline.run after setup_data_structures,0,2025/08/09 19:27:07.012776
MainProcess,27768,402_231_296,402_231_296,397_393_920,pipeline.run_model initial_seed_balancing start,0,2025/08/09 19:27:07.045953
MainProcess,20900,97_959_936,97_959_936,65_249_280,pipeline.run before preload_injectables,0,2025/08/10 07:42:43.167411
MainProcess,20900,98_246_656,98_246_656,65_384_448,pipeline.run after preload_injectables,0,2025/08/10 07:42:43.183739
MainProcess,20900,98_402_304,98_402_304,65_384_448,pipeline.run_model input_pre_processor start,0,2025/08/10 07:42:43.183739
MainProcess,20900,4_559_241_216,4_559_241_216,4_572_602_368,pipeline.run_model input_pre_processor finished,0,2025/08/10 07:43:39.793763
MainProcess,20900,138_440_704,138_440_704,134_508_544,pipeline.run after input_pre_processor,0,2025/08/10 07:43:59.479434
MainProcess,20900,141_553_664,141_553_664,135_626_752,pipeline.run_model setup_data_structures start,0,2025/08/10 07:43:59.556530
MainProcess,20900,4_614_406_144,4_614_406_144,4_624_101_376,pipeline.run_model setup_data_structures finished,0,2025/08/10 07:44:08.466260
MainProcess,20900,1_309_474_816,1_309_474_816,1_309_310_976,pipeline.run after setup_data_structures,0,2025/08/10 07:44:26.615293
MainProcess,20900,1_312_198_656,1_312_198_656,1_310_441_472,pipeline.run_model initial_seed_balancing start,0,2025/08/10 07:44:26.681686
MainProcess,20900,1_289_719_808,1_289_719_808,1_270_345_728,pipeline.run_model initial_seed_balancing finished,0,2025/08/10 07:45:42.990069
MainProcess,20900,1_296_191_488,1_296_191_488,1_275_805_696,pipeline.run after initial_seed_balancing,0,2025/08/10 07:45:43.083081
MainProcess,20900,1_296_195_584,1_296_195_584,1_275_809_792,pipeline.run_model meta_control_factoring start,0,2025/08/10 07:45:43.116355
MainProcess,20900,1_295_183_872,1_295_183_872,1_275_576_320,pipeline.run_model meta_control_factoring finished,0,2025/08/10 07:45:43.195588
MainProcess,20900,1_296_302_080,1_296_302_080,1_275_805_696,pipeline.run after meta_control_factoring,0,2025/08/10 07:45:43.243383
MainProcess,20900,1_296_306_176,1_296_306_176,1_275_809_792,pipeline.run_model final_seed_balancing start,0,2025/08/10 07:45:43.291108
MainProcess,20900,1_294_790_656,1_294_790_656,1_275_809_792,pipeline.run_model final_seed_balancing finished,0,2025/08/10 07:47:09.412109
MainProcess,20900,1_299_914_752,1_299_914_752,1_280_061_440,pipeline.run after final_seed_balancing,0,2025/08/10 07:47:09.490740
MainProcess,20900,1_299_914_752,1_299_914_752,1_280_061_440,pipeline.run_model integerize_final_seed_weights start,0,2025/08/10 07:47:09.538433
MainProcess,3116,98_254_848,98_254_848,65_298_432,pipeline.run before preload_injectables,0,2025/08/10 09:45:57.263665
MainProcess,3116,98_533_376,98_533_376,65_429_504,pipeline.run after preload_injectables,0,2025/08/10 09:45:57.284561
MainProcess,3116,98_689_024,98_689_024,65_429_504,pipeline.run_model input_pre_processor start,0,2025/08/10 09:45:57.300738
MainProcess,3116,4_559_515_648,4_559_515_648,4_572_749_824,pipeline.run_model input_pre_processor finished,0,2025/08/10 09:47:06.204317
MainProcess,3116,139_415_552,139_415_552,135_475_200,pipeline.run after input_pre_processor,0,2025/08/10 09:47:24.652205
MainProcess,3116,142_499_840,142_499_840,136_577_024,pipeline.run_model setup_data_structures start,0,2025/08/10 09:47:24.688111
MainProcess,3116,4_615_090_176,4_615_090_176,4_624_789_504,pipeline.run_model setup_data_structures finished,0,2025/08/10 09:47:33.071413
MainProcess,3116,145_960_960,145_960_960,141_545_472,pipeline.run after setup_data_structures,0,2025/08/10 09:47:54.808181
MainProcess,3116,148_512_768,148_512_768,142_589_952,pipeline.run_model initial_seed_balancing start,0,2025/08/10 09:47:54.855611
MainProcess,3116,153_931_776,153_931_776,146_911_232,pipeline.run_model initial_seed_balancing finished,0,2025/08/10 09:49:07.863918
MainProcess,3116,157_663_232,157_663_232,150_401_024,pipeline.run after initial_seed_balancing,0,2025/08/10 09:49:07.922309
MainProcess,3116,157_683_712,157_683_712,150_417_408,pipeline.run_model meta_control_factoring start,0,2025/08/10 09:49:07.948299
MainProcess,3116,157_310_976,157_310_976,150_061_056,pipeline.run_model meta_control_factoring finished,0,2025/08/10 09:49:08.005884
MainProcess,3116,157_675_520,157_675_520,150_183_936,pipeline.run after meta_control_factoring,0,2025/08/10 09:49:08.045486
MainProcess,3116,157_708_288,157_708_288,150_188_032,pipeline.run_model final_seed_balancing start,0,2025/08/10 09:49:08.063418
MainProcess,3116,159_686_656,159_686_656,153_055_232,pipeline.run_model final_seed_balancing finished,0,2025/08/10 09:50:38.637084
MainProcess,3116,163_606_528,163_606_528,156_086_272,pipeline.run after final_seed_balancing,0,2025/08/10 09:50:38.705193
MainProcess,3116,163_618_816,163_618_816,156_086_272,pipeline.run_model integerize_final_seed_weights start,0,2025/08/10 09:50:38.727319
MainProcess,28008,98_205_696,98_205_696,65_253_376,pipeline.run before preload_injectables,0,2025/08/10 10:15:20.990409
MainProcess,28008,98_484_224,98_484_224,65_384_448,pipeline.run after preload_injectables,0,2025/08/10 10:15:21.003426
MainProcess,28008,98_643_968,98_643_968,65_388_544,pipeline.run_model input_pre_processor start,0,2025/08/10 10:15:21.024858
MainProcess,28008,4_556_021_760,4_556_021_760,4_569_255_936,pipeline.run_model input_pre_processor finished,0,2025/08/10 10:16:13.573465
MainProcess,28008,139_362_304,139_362_304,135_405_568,pipeline.run after input_pre_processor,0,2025/08/10 10:16:35.073783
MainProcess,28008,142_389_248,142_389_248,136_466_432,pipeline.run_model setup_data_structures start,0,2025/08/10 10:16:35.138797
MainProcess,28008,4_616_077_312,4_616_077_312,4_625_776_640,pipeline.run_model setup_data_structures finished,0,2025/08/10 10:16:44.484201
MainProcess,28008,141_447_168,141_447_168,137_498_624,pipeline.run after setup_data_structures,0,2025/08/10 10:17:05.080344
MainProcess,28008,144_453_632,144_453_632,138_530_816,pipeline.run_model initial_seed_balancing start,0,2025/08/10 10:17:05.128261
MainProcess,28008,152_997_888,152_997_888,145_948_672,pipeline.run_model initial_seed_balancing finished,0,2025/08/10 10:18:26.437075
MainProcess,28008,156_827_648,156_827_648,149_549_056,pipeline.run after initial_seed_balancing,0,2025/08/10 10:18:26.499270
MainProcess,28008,156_831_744,156_831_744,149_549_056,pipeline.run_model meta_control_factoring start,0,2025/08/10 10:18:26.515483
MainProcess,28008,156_520_448,156_520_448,149_245_952,pipeline.run_model meta_control_factoring finished,0,2025/08/10 10:18:26.568706
MainProcess,28008,156_897_280,156_897_280,149_389_312,pipeline.run after meta_control_factoring,0,2025/08/10 10:18:26.618324
MainProcess,28008,156_909_568,156_909_568,149_389_312,pipeline.run_model final_seed_balancing start,0,2025/08/10 10:18:26.633453
MainProcess,28008,160_305_152,160_305_152,153_292_800,pipeline.run_model final_seed_balancing finished,0,2025/08/10 10:20:04.887589
MainProcess,28008,163_819_520,163_819_520,156_291_072,pipeline.run after final_seed_balancing,0,2025/08/10 10:20:04.967298
MainProcess,28008,163_827_712,163_827_712,156_295_168,pipeline.run_model integerize_final_seed_weights start,0,2025/08/10 10:20:04.982717
MainProcess,4608,97_927_168,97_927_168,65_302_528,pipeline.run before preload_injectables,0,2025/08/10 10:23:56.198934
MainProcess,4608,98_209_792,98_209_792,65_454_080,pipeline.run after preload_injectables,0,2025/08/10 10:23:56.213737
MainProcess,4608,98_381_824,98_381_824,65_454_080,pipeline.run_model input_pre_processor start,0,2025/08/10 10:23:56.225876
MainProcess,4608,4_559_323_136,4_559_323_136,4_572_561_408,pipeline.run_model input_pre_processor finished,0,2025/08/10 10:24:48.649796
MainProcess,4608,146_804_736,146_804_736,142_843_904,pipeline.run after input_pre_processor,0,2025/08/10 10:25:05.935766
MainProcess,4608,149_876_736,149_876_736,143_912_960,pipeline.run_model setup_data_structures start,0,2025/08/10 10:25:05.985359
MainProcess,4608,4_616_392_704,4_616_392_704,4_626_051_072,pipeline.run_model setup_data_structures finished,0,2025/08/10 10:25:13.843159
MainProcess,4608,144_662_528,144_662_528,140_349_440,pipeline.run after setup_data_structures,0,2025/08/10 10:25:32.238360
MainProcess,4608,147_353_600,147_353_600,141_373_440,pipeline.run_model initial_seed_balancing start,0,2025/08/10 10:25:32.295492
MainProcess,4608,152_825_856,152_825_856,146_534_400,pipeline.run_model initial_seed_balancing finished,0,2025/08/10 10:26:45.313745
MainProcess,4608,157_048_832,157_048_832,149_741_568,pipeline.run after initial_seed_balancing,0,2025/08/10 10:26:45.384887
MainProcess,4608,157_057_024,157_057_024,149_745_664,pipeline.run_model meta_control_factoring start,0,2025/08/10 10:26:45.400804
MainProcess,4608,156_770_304,156_770_304,150_241_280,pipeline.run_model meta_control_factoring finished,0,2025/08/10 10:26:45.465280
MainProcess,4608,157_921_280,157_921_280,150_384_640,pipeline.run after meta_control_factoring,0,2025/08/10 10:26:45.506482
MainProcess,4608,157_921_280,157_921_280,150_384_640,pipeline.run_model final_seed_balancing start,0,2025/08/10 10:26:45.528207
MainProcess,4608,165_437_440,165_437_440,157_892_608,pipeline.run_model final_seed_balancing finished,0,2025/08/10 10:28:12.556257
MainProcess,4608,167_923_712,167_923_712,160_374_784,pipeline.run after final_seed_balancing,0,2025/08/10 10:28:12.620899
MainProcess,4608,167_923_712,167_923_712,160_374_784,pipeline.run_model integerize_final_seed_weights start,0,2025/08/10 10:28:12.643235
MainProcess,20204,98_627_584,98_627_584,65_646_592,pipeline.run before preload_injectables,0,2025/08/10 12:16:42.478060
MainProcess,20204,98_910_208,98_910_208,65_650_688,pipeline.run after preload_injectables,0,2025/08/10 12:16:42.496617
MainProcess,20204,98_942_976,98_942_976,65_658_880,pipeline.run_model input_pre_processor start,0,2025/08/10 12:16:42.508563
MainProcess,20204,4_560_080_896,4_560_080_896,4_573_306_880,pipeline.run_model input_pre_processor finished,0,2025/08/10 12:17:47.802437
MainProcess,20204,139_599_872,139_599_872,135_557_120,pipeline.run after input_pre_processor,0,2025/08/10 12:18:08.797211
MainProcess,27604,98_000_896,98_000_896,65_314_816,pipeline.run before preload_injectables,0,2025/08/10 12:28:37.949836
MainProcess,27604,98_291_712,98_291_712,65_458_176,pipeline.run after preload_injectables,0,2025/08/10 12:28:37.954708
MainProcess,27604,98_459_648,98_459_648,65_470_464,pipeline.run_model input_pre_processor start,0,2025/08/10 12:28:37.971816
MainProcess,27604,4_556_222_464,4_556_222_464,4_569_456_640,pipeline.run_model input_pre_processor finished,0,2025/08/10 12:29:28.265281
MainProcess,27604,139_251_712,139_251_712,135_270_400,pipeline.run after input_pre_processor,0,2025/08/10 12:29:47.900968
MainProcess,27604,142_372_864,142_372_864,136_404_992,pipeline.run_model setup_data_structures start,0,2025/08/10 12:29:47.938810
MainProcess,27604,4_616_204_288,4_616_204_288,4_625_866_752,pipeline.run_model setup_data_structures finished,0,2025/08/10 12:29:56.733920
MainProcess,27604,145_559_552,145_559_552,141_131_776,pipeline.run after setup_data_structures,0,2025/08/10 12:30:28.495209
MainProcess,27604,148_152_320,148_152_320,142_204_928,pipeline.run_model initial_seed_balancing start,0,2025/08/10 12:30:28.529392
MainProcess,27604,153_563_136,153_563_136,147_017_728,pipeline.run_model initial_seed_balancing finished,0,2025/08/10 12:31:47.236712
MainProcess,27604,159_350_784,159_350_784,152_051_712,pipeline.run after initial_seed_balancing,0,2025/08/10 12:31:47.313717
MainProcess,27604,159_358_976,159_358_976,152_051_712,pipeline.run_model meta_control_factoring start,0,2025/08/10 12:31:47.329355
MainProcess,27604,157_675_520,157_675_520,150_867_968,pipeline.run_model meta_control_factoring finished,0,2025/08/10 12:31:47.436600
MainProcess,27604,158_539_776,158_539_776,150_978_560,pipeline.run after meta_control_factoring,0,2025/08/10 12:31:47.479839
MainProcess,27604,158_539_776,158_539_776,150_978_560,pipeline.run_model final_seed_balancing start,0,2025/08/10 12:31:47.495803
MainProcess,27604,160_133_120,160_133_120,153_141_248,pipeline.run_model final_seed_balancing finished,0,2025/08/10 12:33:29.897887
MainProcess,27604,164_945_920,164_945_920,157_380_608,pipeline.run after final_seed_balancing,0,2025/08/10 12:33:29.949436
MainProcess,27604,164_962_304,164_962_304,157_380_608,pipeline.run_model integerize_final_seed_weights start,0,2025/08/10 12:33:29.979752
MainProcess,28256,97_853_440,97_853_440,65_216_512,pipeline.run before preload_injectables,0,2025/08/10 12:48:39.243689
MainProcess,28256,98_152_448,98_152_448,65_368_064,pipeline.run after preload_injectables,0,2025/08/10 12:48:39.262569
MainProcess,28256,98_308_096,98_308_096,65_368_064,pipeline.run_model input_pre_processor start,0,2025/08/10 12:48:39.279519
MainProcess,28256,4_556_509_184,4_556_509_184,4_569_735_168,pipeline.run_model input_pre_processor finished,0,2025/08/10 12:49:26.476178
MainProcess,28256,515_772_416,515_772_416,512_741_376,pipeline.run after input_pre_processor,0,2025/08/10 12:49:44.007472
MainProcess,28256,518_725_632,518_725_632,513_810_432,pipeline.run_model setup_data_structures start,0,2025/08/10 12:49:44.072628
MainProcess,28256,4_616_376_320,4_616_376_320,4_626_046_976,pipeline.run_model setup_data_structures finished,0,2025/08/10 12:49:52.213726
MainProcess,28256,141_627_392,141_627_392,137_650_176,pipeline.run after setup_data_structures,0,2025/08/10 12:50:09.667129
MainProcess,28256,144_695_296,144_695_296,138_756_096,pipeline.run_model initial_seed_balancing start,0,2025/08/10 12:50:09.756125
MainProcess,28256,151_826_432,151_826_432,145_297_408,pipeline.run_model initial_seed_balancing finished,0,2025/08/10 12:51:22.346170
MainProcess,28256,156_954_624,156_954_624,150_200_320,pipeline.run after initial_seed_balancing,0,2025/08/10 12:51:22.411511
MainProcess,28256,157_491_200,157_491_200,150_208_512,pipeline.run_model meta_control_factoring start,0,2025/08/10 12:51:22.427200
MainProcess,28256,156_831_744,156_831_744,149_524_480,pipeline.run_model meta_control_factoring finished,0,2025/08/10 12:51:22.508493
MainProcess,28256,157_200_384,157_200_384,149_663_744,pipeline.run after meta_control_factoring,0,2025/08/10 12:51:22.562732
MainProcess,28256,157_204_480,157_204_480,149_667_840,pipeline.run_model final_seed_balancing start,0,2025/08/10 12:51:22.568583
MainProcess,28256,157_061_120,157_061_120,150_511_616,pipeline.run_model final_seed_balancing finished,0,2025/08/10 12:52:49.952464
MainProcess,28256,161_738_752,161_738_752,154_193_920,pipeline.run after final_seed_balancing,0,2025/08/10 12:52:50.008210
MainProcess,28256,161_742_848,161_742_848,154_193_920,pipeline.run_model integerize_final_seed_weights start,0,2025/08/10 12:52:50.016623
MainProcess,7208,98_050_048,98_050_048,65_351_680,pipeline.run before preload_injectables,0,2025/08/10 15:06:25.779063
MainProcess,7208,98_328_576,98_328_576,65_482_752,pipeline.run after preload_injectables,0,2025/08/10 15:06:25.790886
MainProcess,7208,98_488_320,98_488_320,65_486_848,pipeline.run_model input_pre_processor start,0,2025/08/10 15:06:25.801692
MainProcess,7208,4_556_156_928,4_556_156_928,4_569_370_624,pipeline.run_model input_pre_processor finished,0,2025/08/10 15:07:24.433791
MainProcess,7208,139_481_088,139_481_088,135_507_968,pipeline.run after input_pre_processor,0,2025/08/10 15:07:43.889167
MainProcess,7208,142_430_208,142_430_208,136_507_392,pipeline.run_model setup_data_structures start,0,2025/08/10 15:07:43.931977
MainProcess,9812,98_152_448,98_152_448,65_490_944,pipeline.run before preload_injectables,0,2025/08/10 15:09:32.714617
MainProcess,9812,98_447_360,98_447_360,65_507_328,pipeline.run after preload_injectables,0,2025/08/10 15:09:32.739605
MainProcess,9812,98_476_032,98_476_032,65_511_424,pipeline.run_model input_pre_processor start,0,2025/08/10 15:09:32.754607
MainProcess,9812,4_556_222_464,4_556_222_464,4_569_460_736,pipeline.run_model input_pre_processor finished,0,2025/08/10 15:10:16.926025
MainProcess,9812,139_071_488,139_071_488,135_069_696,pipeline.run after input_pre_processor,0,2025/08/10 15:10:35.975039
MainProcess,9812,142_135_296,142_135_296,136_200_192,pipeline.run_model setup_data_structures start,0,2025/08/10 15:10:35.999841
MainProcess,9812,4_615_442_432,4_615_442_432,4_625_129_472,pipeline.run_model setup_data_structures finished,0,2025/08/10 15:10:44.552694
MainProcess,9812,144_719_872,144_719_872,140_402_688,pipeline.run after setup_data_structures,0,2025/08/10 15:11:03.122307
MainProcess,9812,147_529_728,147_529_728,141_561_856,pipeline.run_model initial_seed_balancing start,0,2025/08/10 15:11:03.153530
MainProcess,9812,153_272_320,153_272_320,146_964_480,pipeline.run_model initial_seed_balancing finished,0,2025/08/10 15:12:20.771542
MainProcess,9812,158_015_488,158_015_488,151_224_320,pipeline.run after initial_seed_balancing,0,2025/08/10 15:12:20.831360
MainProcess,9812,158_552_064,158_552_064,151_236_608,pipeline.run_model meta_control_factoring start,0,2025/08/10 15:12:20.863942
MainProcess,9812,156_884_992,156_884_992,150_310_912,pipeline.run_model meta_control_factoring finished,0,2025/08/10 15:12:20.932248
MainProcess,9812,158_027_776,158_027_776,150_458_368,pipeline.run after meta_control_factoring,0,2025/08/10 15:12:20.965596
MainProcess,9812,158_040_064,158_040_064,150_470_656,pipeline.run_model final_seed_balancing start,0,2025/08/10 15:12:20.990423
MainProcess,9812,164_302_848,164_302_848,149_782_528,pipeline.run_model final_seed_balancing finished,0,2025/08/10 15:13:57.455744
MainProcess,9812,168_460_288,168_460_288,153_817_088,pipeline.run after final_seed_balancing,0,2025/08/10 15:13:57.513383
MainProcess,9812,168_464_384,168_464_384,153_817_088,pipeline.run_model integerize_final_seed_weights start,0,2025/08/10 15:13:57.530015
MainProcess,10548,97_964_032,97_964_032,65_298_432,pipeline.run before preload_injectables,0,2025/08/10 15:16:22.114256
MainProcess,10548,98_242_560,98_242_560,65_429_504,pipeline.run after preload_injectables,0,2025/08/10 15:16:22.131401
MainProcess,10548,98_402_304,98_402_304,65_433_600,pipeline.run_model input_pre_processor start,0,2025/08/10 15:16:22.141571
MainProcess,10548,4_560_044_032,4_560_044_032,4_573_282_304,pipeline.run_model input_pre_processor finished,0,2025/08/10 15:17:15.053799
MainProcess,10548,139_141_120,139_141_120,135_168_000,pipeline.run after input_pre_processor,0,2025/08/10 15:17:34.379009
MainProcess,10548,142_176_256,142_176_256,136_253_440,pipeline.run_model setup_data_structures start,0,2025/08/10 15:17:34.408181
MainProcess,10548,4_615_806_976,4_615_806_976,4_625_506_304,pipeline.run_model setup_data_structures finished,0,2025/08/10 15:17:42.943679
MainProcess,10548,145_326_080,145_326_080,140_890_112,pipeline.run after setup_data_structures,0,2025/08/10 15:18:00.948141
MainProcess,10548,147_927_040,147_927_040,141_991_936,pipeline.run_model initial_seed_balancing start,0,2025/08/10 15:18:00.986404
MainProcess,10548,153_128_960,153_128_960,146_604_032,pipeline.run_model initial_seed_balancing finished,0,2025/08/10 15:19:18.967339
MainProcess,10548,157_704_192,157_704_192,150_425_600,pipeline.run after initial_seed_balancing,0,2025/08/10 15:19:19.026668
MainProcess,10548,157_716_480,157_716_480,150_433_792,pipeline.run_model meta_control_factoring start,0,2025/08/10 15:19:19.043425
MainProcess,10548,157_347_840,157_347_840,150_556_672,pipeline.run_model meta_control_factoring finished,0,2025/08/10 15:19:19.116293
MainProcess,10548,158_253_056,158_253_056,150_716_416,pipeline.run after meta_control_factoring,0,2025/08/10 15:19:19.150971
MainProcess,10548,158_261_248,158_261_248,150_724_608,pipeline.run_model final_seed_balancing start,0,2025/08/10 15:19:19.167722
MainProcess,10548,166_297_600,166_297_600,158_752_768,pipeline.run_model final_seed_balancing finished,0,2025/08/10 15:20:55.379092
MainProcess,10548,168_415_232,168_415_232,160_866_304,pipeline.run after final_seed_balancing,0,2025/08/10 15:20:55.438989
MainProcess,10548,168_431_616,168_431_616,160_870_400,pipeline.run_model integerize_final_seed_weights start,0,2025/08/10 15:20:55.455163
MainProcess,25092,98_418_688,98_418_688,65_466_368,pipeline.run before preload_injectables,0,2025/08/10 16:24:33.091887
MainProcess,25092,98_709_504,98_709_504,65_478_656,pipeline.run after preload_injectables,0,2025/08/10 16:24:33.107885
MainProcess,25092,98_738_176,98_738_176,65_486_848,pipeline.run_model input_pre_processor start,0,2025/08/10 16:24:33.126071
MainProcess,25092,4_555_554_816,4_555_554_816,4_568_756_224,pipeline.run_model input_pre_processor finished,0,2025/08/10 16:25:35.846967
MainProcess,25092,138_444_800,138_444_800,134_463_488,pipeline.run after input_pre_processor,0,2025/08/10 16:25:59.498437
MainProcess,25092,141_524_992,141_524_992,135_573_504,pipeline.run_model setup_data_structures start,0,2025/08/10 16:25:59.549514
MainProcess,25092,4_614_656_000,4_614_656_000,4_624_322_560,pipeline.run_model setup_data_structures finished,0,2025/08/10 16:26:10.285186
MainProcess,25092,148_594_688,148_594_688,143_302_656,pipeline.run after setup_data_structures,0,2025/08/10 16:26:44.082469
MainProcess,25092,151_064_576,151_064_576,144_379_904,pipeline.run_model initial_seed_balancing start,0,2025/08/10 16:26:44.129594
MainProcess,25092,155_648_000,155_648_000,149_381_120,pipeline.run_model initial_seed_balancing finished,0,2025/08/10 16:28:21.233091
MainProcess,25092,160_473_088,160_473_088,153_190_400,pipeline.run after initial_seed_balancing,0,2025/08/10 16:28:21.299998
MainProcess,25092,160_477_184,160_477_184,153_194_496,pipeline.run_model meta_control_factoring start,0,2025/08/10 16:28:21.315600
MainProcess,25092,159_211_520,159_211_520,152_678_400,pipeline.run_model meta_control_factoring finished,0,2025/08/10 16:28:21.417656
MainProcess,25092,160_333_824,160_333_824,152_797_184,pipeline.run after meta_control_factoring,0,2025/08/10 16:28:21.466748
MainProcess,25092,160_333_824,160_333_824,152_797_184,pipeline.run_model final_seed_balancing start,0,2025/08/10 16:28:21.483214
MainProcess,25092,159_920_128,159_920_128,152_834_048,pipeline.run_model final_seed_balancing finished,0,2025/08/10 16:30:24.335649
MainProcess,25092,164_646_912,164_646_912,156_688_384,pipeline.run after final_seed_balancing,0,2025/08/10 16:30:24.449480
MainProcess,25092,164_675_584,164_675_584,156_688_384,pipeline.run_model integerize_final_seed_weights start,0,2025/08/10 16:30:24.465462
MainProcess,1736,98_131_968,98_131_968,65_437_696,pipeline.run before preload_injectables,0,2025/08/10 16:48:54.572525
MainProcess,1736,98_418_688,98_418_688,65_445_888,pipeline.run after preload_injectables,0,2025/08/10 16:48:54.586927
MainProcess,1736,98_443_264,98_443_264,65_445_888,pipeline.run_model input_pre_processor start,0,2025/08/10 16:48:54.598639
MainProcess,28420,97_992_704,97_992_704,65_302_528,pipeline.run before preload_injectables,0,2025/08/10 16:49:55.095707
MainProcess,28420,98_271_232,98_271_232,65_441_792,pipeline.run after preload_injectables,0,2025/08/10 16:49:55.106095
MainProcess,28420,98_430_976,98_430_976,65_441_792,pipeline.run_model input_pre_processor start,0,2025/08/10 16:49:55.120161
MainProcess,28420,4_559_347_712,4_559_347_712,4_572_565_504,pipeline.run_model input_pre_processor finished,0,2025/08/10 16:50:56.511299
MainProcess,28420,139_005_952,139_005_952,135_077_888,pipeline.run after input_pre_processor,0,2025/08/10 16:51:15.960340
MainProcess,28420,142_086_144,142_086_144,136_163_328,pipeline.run_model setup_data_structures start,0,2025/08/10 16:51:16.006625
MainProcess,28420,4_615_725_056,4_615_725_056,4_625_403_904,pipeline.run_model setup_data_structures finished,0,2025/08/10 16:51:25.137575
MainProcess,28420,141_455_360,141_455_360,137_515_008,pipeline.run after setup_data_structures,0,2025/08/10 16:51:43.599109
MainProcess,28420,144_515_072,144_515_072,138_592_256,pipeline.run_model initial_seed_balancing start,0,2025/08/10 16:51:43.639893
MainProcess,28420,151_805_952,151_805_952,145_530_880,pipeline.run_model initial_seed_balancing finished,0,2025/08/10 16:53:00.863815
MainProcess,28420,156_913_664,156_913_664,149_655_552,pipeline.run after initial_seed_balancing,0,2025/08/10 16:53:00.921229
MainProcess,28420,156_946_432,156_946_432,149_659_648,pipeline.run_model meta_control_factoring start,0,2025/08/10 16:53:00.936483
MainProcess,28420,157_052_928,157_052_928,149_999_616,pipeline.run_model meta_control_factoring finished,0,2025/08/10 16:53:01.003983
MainProcess,28420,157_704_192,157_704_192,150_163_456,pipeline.run after meta_control_factoring,0,2025/08/10 16:53:01.042056
MainProcess,28420,157_708_288,157_708_288,150_167_552,pipeline.run_model final_seed_balancing start,0,2025/08/10 16:53:01.067518
MainProcess,28420,160_702_464,160_702_464,153_673_728,pipeline.run_model final_seed_balancing finished,0,2025/08/10 16:54:39.987763
MainProcess,28420,160_919_552,160_919_552,153_681_920,pipeline.run after final_seed_balancing,0,2025/08/10 16:54:40.054531
MainProcess,28420,161_239_040,161_239_040,153_686_016,pipeline.run_model integerize_final_seed_weights start,0,2025/08/10 16:54:40.071202
MainProcess,21520,98_226_176,98_226_176,65_265_664,pipeline.run before preload_injectables,0,2025/08/10 18:25:58.013380
MainProcess,21520,98_508_800,98_508_800,65_286_144,pipeline.run after preload_injectables,0,2025/08/10 18:25:58.037683
MainProcess,21520,98_549_760,98_549_760,65_286_144,pipeline.run_model input_pre_processor start,0,2025/08/10 18:25:58.054355
MainProcess,21520,4_556_402_688,4_556_402_688,4_569_657_344,pipeline.run_model input_pre_processor finished,0,2025/08/10 18:26:51.201611
MainProcess,21520,239_304_704,239_304_704,235_343_872,pipeline.run after input_pre_processor,0,2025/08/10 18:27:13.300435
MainProcess,21520,242_171_904,242_171_904,236_249_088,pipeline.run_model setup_data_structures start,0,2025/08/10 18:27:13.357856
MainProcess,21520,4_616_876_032,4_616_876_032,4_626_579_456,pipeline.run_model setup_data_structures finished,0,2025/08/10 18:27:22.303684
MainProcess,21520,145_256_448,145_256_448,140_947_456,pipeline.run after setup_data_structures,0,2025/08/10 18:27:54.439123
MainProcess,21520,147_877_888,147_877_888,141_950_976,pipeline.run_model initial_seed_balancing start,0,2025/08/10 18:27:54.522839
MainProcess,21520,152_764_416,152_764_416,146_227_200,pipeline.run_model initial_seed_balancing finished,0,2025/08/10 18:29:14.990545
MainProcess,21520,158_220_288,158_220_288,150_933_504,pipeline.run after initial_seed_balancing,0,2025/08/10 18:29:15.039449
MainProcess,21520,158_224_384,158_224_384,150_933_504,pipeline.run_model meta_control_factoring start,0,2025/08/10 18:29:15.055022
MainProcess,21520,155_353_088,155_353_088,148_803_584,pipeline.run_model meta_control_factoring finished,0,2025/08/10 18:29:15.141970
MainProcess,21520,156_483_584,156_483_584,148_938_752,pipeline.run after meta_control_factoring,0,2025/08/10 18:29:15.177703
MainProcess,21520,156_499_968,156_499_968,148_942_848,pipeline.run_model final_seed_balancing start,0,2025/08/10 18:29:15.189208
MainProcess,21520,160_743_424,160_743_424,153_493_504,pipeline.run_model final_seed_balancing finished,0,2025/08/10 18:30:48.403693
MainProcess,21520,163_901_440,163_901_440,156_332_032,pipeline.run after final_seed_balancing,0,2025/08/10 18:30:48.486267
MainProcess,21520,163_934_208,163_934_208,156_344_320,pipeline.run_model integerize_final_seed_weights start,0,2025/08/10 18:30:48.505156
MainProcess,27720,98_328_576,98_328_576,65_634_304,pipeline.run before preload_injectables,0,2025/08/10 18:58:54.497871
MainProcess,27720,98_607_104,98_607_104,65_658_880,pipeline.run after preload_injectables,0,2025/08/10 18:58:54.518367
MainProcess,27720,98_652_160,98_652_160,65_662_976,pipeline.run_model input_pre_processor start,0,2025/08/10 18:58:54.533999
MainProcess,27720,4_556_591_104,4_556_591_104,4_569_821_184,pipeline.run_model input_pre_processor finished,0,2025/08/10 18:59:44.595675
MainProcess,27720,139_485_184,139_485_184,135_507_968,pipeline.run after input_pre_processor,0,2025/08/10 19:00:02.330787
MainProcess,27720,142_548_992,142_548_992,136_564_736,pipeline.run_model setup_data_structures start,0,2025/08/10 19:00:02.364158
MainProcess,27720,4_618_633_216,4_618_633_216,4_628_271_104,pipeline.run_model setup_data_structures finished,0,2025/08/10 19:00:15.347995
MainProcess,27720,146_739_200,146_739_200,142_299_136,pipeline.run after setup_data_structures,0,2025/08/10 19:00:33.148004
MainProcess,27720,149_299_200,149_299_200,143_364_096,pipeline.run_model initial_seed_balancing start,0,2025/08/10 19:00:33.179825
MainProcess,27720,154_849_280,154_849_280,148_328_448,pipeline.run_model initial_seed_balancing finished,0,2025/08/10 19:01:53.958325
MainProcess,27720,160_264_192,160_264_192,152_989_696,pipeline.run after initial_seed_balancing,0,2025/08/10 19:01:54.015147
MainProcess,27720,160_268_288,160_268_288,152_989_696,pipeline.run_model meta_control_factoring start,0,2025/08/10 19:01:54.046708
MainProcess,27720,158_507_008,158_507_008,151_719_936,pipeline.run_model meta_control_factoring finished,0,2025/08/10 19:01:54.148142
MainProcess,27720,159_395_840,159_395_840,151_863_296,pipeline.run after meta_control_factoring,0,2025/08/10 19:01:54.188571
MainProcess,27720,159_399_936,159_399_936,151_867_392,pipeline.run_model final_seed_balancing start,0,2025/08/10 19:01:54.199641
MainProcess,27720,162_693_120,162_693_120,155_467_776,pipeline.run_model final_seed_balancing finished,0,2025/08/10 19:03:35.342248
MainProcess,27720,167_034_880,167_034_880,159_494_144,pipeline.run after final_seed_balancing,0,2025/08/10 19:03:35.433537
MainProcess,27720,167_038_976,167_038_976,159_494_144,pipeline.run_model integerize_final_seed_weights start,0,2025/08/10 19:03:35.449652
